age,income,loan_amount,credit_score,employment_years,previous_defaults,debt_to_income_ratio,loan_status
59,24018,16536,842,0,2,0.67,1
49,31302,33541,847,16,2,0.3,1
35,87506,18547,707,2,3,0.19,1
63,61157,39531,713,25,4,0.41,1
28,74917,13712,641,14,1,0.55,1
41,112738,43565,519,3,0,0.37,1
59,116646,14208,462,3,0,0.14,1
39,103122,10109,519,17,4,0.52,1
43,44519,40201,569,16,3,0.73,1
31,116809,21967,699,18,3,0.37,1
31,107487,34759,481,10,4,0.25,1
44,76819,25172,504,19,3,0.41,1
56,100910,41935,527,2,0,0.13,1
60,140430,31589,549,7,0,0.67,1
44,91324,35015,740,13,1,0.68,1
23,25408,34009,832,25,4,0.51,1
42,79379,22773,495,0,2,0.35,1
22,45053,46125,818,13,2,0.66,1
44,29446,31143,369,1,1,0.49,1
64,20922,11154,698,28,1,0.68,1
50,118723,26804,502,22,3,0.54,1
58,71356,46688,447,3,1,0.65,1
22,30789,25581,771,23,1,0.52,1
41,117720,35087,498,26,2,0.39,1
53,86656,37981,725,28,3,0.77,1
32,64028,8762,791,18,1,0.48,0
42,84484,14768,441,5,1,0.52,1
64,52154,48408,612,24,3,0.25,1
45,102870,44499,464,0,4,0.54,1
47,22336,43559,613,16,3,0.5,1
62,123677,13783,320,7,2,0.23,1
48,87779,34781,381,18,4,0.14,1
36,39029,35811,430,20,0,0.52,1
35,79201,40488,604,0,3,0.63,1
64,52265,13905,670,4,2,0.47,1
23,122916,14127,683,26,4,0.26,1
57,132250,27431,744,15,3,0.57,1
27,136553,11368,724,5,1,0.16,0
41,63872,32424,460,7,3,0.41,1
29,66197,23333,477,12,0,0.21,1
59,145733,28116,789,15,3,0.23,1
38,75180,48201,626,29,4,0.24,1
24,43710,20525,588,2,4,0.37,1
45,49486,28398,653,18,3,0.14,1
34,91907,37857,327,11,4,0.38,1
29,148876,15361,342,15,1,0.46,1
46,91895,21369,722,26,3,0.44,1
22,84435,8041,476,10,1,0.37,1
40,60631,5105,828,9,1,0.69,1
48,149038,14078,793,24,2,0.2,1
27,121532,30003,497,19,3,0.45,1
64,40103,11090,816,3,4,0.14,1
28,84772,43850,813,11,1,0.15,0
55,146108,6925,321,22,2,0.5,1
34,34382,23440,411,1,3,0.5,1
37,104291,44685,356,23,3,0.71,1
56,121195,31015,365,21,0,0.49,1
60,23756,38320,397,18,0,0.77,1
24,40609,30291,443,24,1,0.13,1
22,134074,41679,734,4,0,0.17,0
26,36478,31289,385,7,1,0.13,1
62,120978,8389,643,6,4,0.23,1
24,59666,30683,593,13,1,0.48,1
49,95683,18629,542,23,0,0.55,1
38,119097,29826,331,22,4,0.13,1
46,144714,40198,690,2,0,0.76,1
64,120420,31630,576,17,1,0.69,1
54,91315,38226,831,15,2,0.31,1
30,97834,37975,453,22,3,0.15,1
56,146205,5899,682,18,0,0.22,0
34,34153,16653,367,18,1,0.19,1
51,129415,32961,513,17,4,0.19,1
35,96325,21405,675,19,0,0.46,0
28,129701,13601,512,15,0,0.27,1
34,32999,38662,378,7,3,0.35,1
43,75318,38282,680,27,1,0.79,1
60,20814,26288,357,0,2,0.58,1
41,135033,34545,325,16,4,0.76,1
36,96077,41877,746,11,1,0.2,0
38,110474,20313,365,29,4,0.37,1
44,22443,20349,553,20,0,0.49,1
46,95993,12179,343,10,3,0.15,1
45,95916,15326,396,4,3,0.1,1
61,93319,49555,526,26,2,0.57,1
49,145885,6560,735,11,3,0.55,1
35,129777,18612,678,16,0,0.39,0
21,37368,22650,477,5,2,0.44,1
45,35328,31745,726,0,1,0.39,0
27,76942,36890,606,4,3,0.12,1
29,111751,25022,803,24,2,0.33,1
44,119131,9780,567,27,0,0.22,1
21,47306,23311,307,13,4,0.17,1
64,105451,33380,807,4,4,0.77,1
28,59915,49662,775,21,0,0.52,1
44,57219,7356,596,23,0,0.61,1
31,100879,9790,463,26,4,0.32,1
37,131939,31911,784,0,2,0.38,1
28,84644,29363,371,29,4,0.27,1
55,80279,25049,537,17,0,0.17,1
55,73028,15181,403,15,3,0.23,1
53,124263,44825,509,8,1,0.66,1
25,20126,21082,767,18,3,0.57,1
62,72329,5661,753,21,3,0.48,1
59,47632,42412,567,4,0,0.43,1
61,127099,7920,685,26,4,0.75,1
48,85310,30658,686,1,2,0.15,1
27,129945,19025,558,29,3,0.3,1
29,75176,13946,582,14,4,0.34,1
28,139797,33706,339,6,2,0.65,1
32,106066,44004,785,3,3,0.79,1
54,125500,21309,519,0,2,0.27,1
53,146413,38120,428,12,4,0.71,1
43,64327,35027,819,19,1,0.68,1
44,88904,12005,559,21,4,0.26,1
57,23797,5956,665,6,0,0.38,0
55,67882,39839,843,14,2,0.39,1
64,33718,13595,823,22,1,0.78,1
60,54560,17803,315,13,2,0.23,1
42,96589,30963,428,22,2,0.66,1
47,42116,41221,408,18,3,0.33,1
55,56244,44443,832,21,0,0.61,1
21,121721,38723,568,28,2,0.39,1
55,21645,44063,461,23,4,0.5,1
57,67523,20282,559,19,4,0.68,1
34,144085,9703,401,28,3,0.66,1
23,137718,11563,805,23,0,0.71,1
21,39256,30849,546,17,0,0.14,1
25,121376,36860,836,9,4,0.58,1
46,120158,36585,430,8,1,0.2,1
34,73173,27015,652,24,3,0.39,1
59,57430,17003,495,7,3,0.48,1
47,59282,48585,681,25,4,0.38,1
29,139719,31958,526,29,4,0.46,1
35,83374,31017,775,28,1,0.8,1
35,88244,16171,776,9,1,0.19,0
46,31694,17201,564,16,0,0.57,1
62,76264,34426,671,1,3,0.38,1
33,95060,22778,785,5,3,0.19,1
52,117416,47229,733,25,4,0.21,1
59,77545,26116,510,4,0,0.76,1
52,138195,38297,676,27,3,0.72,1
24,59224,24342,694,29,0,0.73,1
50,122516,32490,749,8,0,0.79,1
57,117945,24975,663,4,4,0.25,1
43,33224,31723,756,17,0,0.35,0
59,60738,28279,525,25,1,0.57,1
35,45150,17765,430,19,1,0.44,1
63,83731,16561,775,8,2,0.39,1
49,69688,46899,576,16,4,0.35,1
56,119929,5525,455,26,2,0.52,1
33,128618,27861,517,16,1,0.5,1
52,93509,38142,489,11,2,0.21,1
27,28577,31916,716,6,4,0.43,1
42,28070,49965,845,26,4,0.49,1
48,146161,9648,340,2,0,0.5,1
22,28666,40133,606,9,3,0.25,1
62,77761,35523,637,1,0,0.62,1
26,141178,34052,613,24,4,0.12,1
48,56368,39414,374,2,1,0.35,1
48,26783,37781,578,15,1,0.65,1
64,131530,9599,475,1,0,0.49,1
64,61914,40046,572,27,4,0.28,1
40,90507,40923,588,23,1,0.59,1
50,147738,46089,571,9,4,0.5,1
31,99026,8814,365,5,1,0.66,1
48,135893,40984,782,21,4,0.61,1
45,131255,31616,547,25,2,0.53,1
59,130616,7113,455,10,4,0.44,1
53,87526,48006,346,22,4,0.19,1
21,90835,18760,753,6,0,0.28,0
47,65765,26927,500,26,2,0.39,1
33,39956,25939,423,28,3,0.52,1
61,107895,37419,300,14,0,0.46,1
23,66240,17588,490,5,3,0.3,1
59,141008,41142,815,19,1,0.1,0
26,57148,44198,741,26,3,0.45,1
28,114270,49738,442,8,4,0.3,1
47,147978,38397,490,21,3,0.61,1
29,24757,21653,832,19,0,0.12,0
57,39097,15831,526,11,0,0.51,1
53,30395,10724,612,18,3,0.76,1
62,36241,16083,601,19,0,0.22,0
64,123892,24816,759,2,0,0.43,0
44,47696,47240,700,14,3,0.16,1
35,135654,11276,692,1,2,0.54,1
52,90480,43663,506,29,2,0.49,1
52,66163,18994,509,20,1,0.39,1
44,39816,28499,414,1,0,0.46,1
61,69840,28040,550,21,3,0.73,1
32,122547,48320,518,2,0,0.24,1
59,72853,21959,706,5,4,0.12,1
22,44917,11099,742,14,0,0.7,1
23,116731,47267,653,26,0,0.5,0
57,41566,24576,849,9,2,0.72,1
37,95452,40946,441,8,3,0.52,1
22,82823,11116,800,0,0,0.67,1
22,141392,20563,846,15,2,0.4,1
48,40806,31788,841,5,1,0.62,1
43,95520,31928,806,8,2,0.74,1
57,21759,41336,580,26,2,0.5,1
52,146092,14847,723,3,2,0.23,1
53,61949,31155,569,26,0,0.29,1
21,112374,19135,453,27,0,0.24,1
39,22482,22774,382,1,1,0.27,1
22,44442,6742,725,28,4,0.31,1
64,53719,23309,574,3,4,0.49,1
46,78066,5619,583,0,4,0.51,1
52,113501,22658,472,18,1,0.4,1
26,22079,39707,626,25,4,0.53,1
52,22717,25337,362,24,4,0.16,1
24,79676,21001,372,9,2,0.16,1
31,47952,5968,674,20,0,0.22,0
37,106444,30892,807,14,0,0.46,0
58,62460,30619,697,26,2,0.25,1
44,110397,5281,419,21,2,0.3,1
25,92847,32420,736,18,2,0.38,1
54,113607,20360,764,15,0,0.67,1
26,109106,44030,585,20,4,0.11,1
42,38449,6058,564,26,2,0.55,1
31,53536,25677,619,23,1,0.57,1
36,84077,15724,675,21,2,0.66,1
53,58258,33404,388,3,3,0.75,1
29,68302,42946,502,1,2,0.11,1
26,145937,44748,633,29,0,0.21,0
36,48865,34856,521,24,2,0.72,1
49,26645,14200,340,12,3,0.42,1
23,139771,38997,367,27,1,0.5,1
40,58000,30611,813,0,4,0.56,1
56,46737,46235,426,16,2,0.58,1
39,31485,40057,554,12,3,0.75,1
46,58565,6239,315,3,3,0.8,1
23,45522,43138,776,6,1,0.6,1
39,139614,5125,361,16,0,0.3,1
40,85155,28857,731,8,2,0.72,1
52,75168,20398,567,3,3,0.13,1
27,72487,11638,334,18,1,0.26,1
61,149948,11570,793,0,4,0.73,1
53,32342,8249,768,9,3,0.28,1
60,60806,14110,624,3,1,0.25,0
59,68770,45363,603,8,0,0.2,0
38,98623,18605,575,12,0,0.7,1
60,123177,17115,500,13,3,0.45,1
21,119785,44062,744,9,3,0.57,1
31,95629,27911,623,5,2,0.27,1
48,140993,43525,334,15,1,0.63,1
45,72603,37556,781,5,3,0.63,1
43,146944,17595,779,16,2,0.32,1
51,132726,6969,364,9,2,0.39,1
50,101974,48753,307,17,3,0.25,1
62,125947,22275,600,26,0,0.78,1
55,46399,9470,642,21,1,0.55,1
27,148177,15225,730,17,1,0.75,1
36,105382,47324,723,2,0,0.31,0
46,101244,46974,631,19,3,0.65,1
22,129575,47759,737,26,1,0.64,1
21,135520,28196,473,20,3,0.58,1
32,130904,45287,826,24,3,0.78,1
25,96534,18669,325,27,2,0.38,1
57,75106,42380,705,14,0,0.19,0
52,132599,43006,531,14,3,0.57,1
29,50678,20577,832,3,4,0.61,1
61,96218,27473,849,28,0,0.5,0
55,83230,33625,804,26,1,0.24,0
39,134684,20504,478,8,2,0.45,1
36,94055,29089,431,26,1,0.32,1
23,76373,41487,754,25,1,0.4,0
40,51480,5302,647,18,0,0.55,1
44,105230,36463,839,23,1,0.62,1
53,88836,49912,705,27,3,0.26,1
44,92258,34259,375,16,1,0.38,1
31,59986,47823,791,10,2,0.29,1
28,44160,42208,493,24,2,0.24,1
56,105595,35659,461,8,4,0.65,1
58,121358,40840,646,9,2,0.74,1
60,99111,36890,660,17,1,0.36,0
40,84929,18598,386,19,2,0.63,1
55,93506,24508,561,12,0,0.73,1
45,54911,47287,513,7,2,0.69,1
55,107127,18380,561,6,3,0.23,1
45,51821,31984,582,16,0,0.77,1
49,95039,49633,766,20,4,0.36,1
38,80535,13125,679,22,3,0.34,1
38,133453,41059,661,14,1,0.14,0
22,104458,9033,748,19,1,0.44,0
55,32175,42873,740,14,1,0.18,0
36,139235,22087,392,0,3,0.27,1
61,74771,45901,723,24,3,0.32,1
56,126660,10704,441,13,3,0.67,1
53,147157,12848,590,4,0,0.71,1
24,141300,26592,731,10,0,0.31,0
53,106925,11924,348,15,1,0.7,1
34,133374,32208,601,1,2,0.7,1
41,86358,24614,489,7,1,0.64,1
40,37327,5488,435,10,4,0.2,1
28,67057,44882,703,28,0,0.58,1
27,26150,30923,640,17,3,0.76,1
23,24425,40941,617,2,0,0.58,1
37,143654,34165,662,29,3,0.33,1
53,36032,6667,681,25,4,0.45,1
32,22198,31213,532,0,4,0.55,1
42,80500,9114,643,10,0,0.46,0
42,73394,41321,848,15,3,0.18,1
50,40079,12761,828,17,4,0.32,1
58,56220,36116,482,29,1,0.66,1
58,61874,38768,340,15,1,0.7,1
28,33859,30426,696,22,3,0.2,1
47,70460,22772,793,9,0,0.77,1
47,51419,43218,632,17,4,0.33,1
54,138865,8712,426,5,0,0.56,1
41,28705,6367,300,18,1,0.63,1
50,62880,45957,467,3,4,0.67,1
53,149838,46781,318,26,0,0.76,1
48,43236,31200,631,12,2,0.32,1
53,107955,8726,755,23,3,0.7,1
25,105514,28616,408,13,3,0.19,1
39,123145,32723,567,2,2,0.59,1
24,35358,42574,744,9,1,0.62,1
55,119713,39958,539,5,4,0.57,1
37,114914,14108,600,0,3,0.28,1
64,122870,17178,402,22,2,0.71,1
48,96918,40643,549,23,2,0.22,1
50,139179,36324,752,26,1,0.14,0
49,136243,43360,819,13,1,0.6,1
26,34596,22824,452,7,0,0.43,1
55,53572,13927,473,18,3,0.69,1
61,98757,33144,642,13,0,0.37,0
57,21279,36010,730,9,2,0.22,1
44,83197,27443,623,16,4,0.69,1
49,131496,19437,719,8,4,0.48,1
51,82516,49298,784,28,1,0.23,0
55,27083,44778,711,5,4,0.6,1
53,140674,16207,383,10,4,0.46,1
41,140307,30537,412,24,4,0.52,1
52,146457,40757,631,6,2,0.42,1
43,129397,17040,677,16,4,0.68,1
53,37771,46986,340,27,4,0.68,1
23,49975,27612,404,27,4,0.6,1
38,65648,33441,501,0,0,0.17,1
45,145641,11471,749,21,2,0.69,1
62,68285,40631,565,4,1,0.57,1
51,39063,48461,509,8,0,0.59,1
23,87642,31523,417,17,3,0.35,1
60,110093,36348,676,23,2,0.72,1
44,134390,6177,839,26,2,0.61,1
52,106143,9760,383,20,3,0.18,1
42,57599,37779,753,1,3,0.39,1
43,71920,26636,813,28,3,0.72,1
22,48529,21353,686,25,1,0.13,0
47,55954,16556,649,10,4,0.77,1
62,47856,32598,595,26,2,0.58,1
22,22573,16563,557,27,4,0.54,1
46,98344,48790,380,5,4,0.29,1
37,55367,13234,567,25,3,0.27,1
60,122337,30519,718,7,1,0.76,1
53,126732,31966,534,3,0,0.31,1
29,119608,21173,610,17,1,0.64,1
63,80774,31987,656,27,4,0.38,1
59,43752,18178,512,10,1,0.2,1
49,75029,44338,348,4,3,0.11,1
62,37685,29596,426,14,0,0.48,1
46,71693,38174,522,27,3,0.78,1
55,136739,46974,578,17,0,0.36,1
45,75961,9431,707,1,4,0.35,1
44,126937,32764,804,21,0,0.34,0
33,144956,26627,593,10,0,0.46,1
27,96908,44310,576,25,0,0.41,1
56,145537,13906,737,24,1,0.72,1
40,146678,41914,406,12,1,0.45,1
21,94532,49814,719,3,4,0.46,1
28,101994,18076,728,21,0,0.2,0
36,76133,42650,674,6,2,0.79,1
34,117425,11012,372,28,4,0.27,1
32,145055,12151,329,10,0,0.15,1
43,81268,33211,487,21,0,0.56,1
35,112201,32117,663,23,1,0.52,1
48,58243,41378,750,3,4,0.39,1
54,77384,47652,494,27,0,0.4,1
22,51653,11894,455,14,0,0.65,1
52,46657,18467,471,0,4,0.24,1
43,59952,36010,340,22,2,0.67,1
42,42180,47641,362,2,4,0.55,1
45,117432,17289,322,13,4,0.39,1
42,141829,49976,659,5,2,0.42,1
42,148377,48596,374,17,4,0.28,1
62,98411,28171,417,24,0,0.63,1
26,21622,39905,679,0,4,0.46,1
35,68756,25829,589,5,2,0.32,1
63,60809,39054,739,5,3,0.52,1
57,36725,49139,306,20,4,0.8,1
53,81396,34734,495,15,1,0.4,1
28,71226,12052,720,28,0,0.74,1
64,126296,8654,492,4,0,0.34,1
64,101182,28486,447,16,1,0.14,1
25,102565,23743,501,9,1,0.24,1
59,49402,29489,743,27,4,0.39,1
24,24263,13636,718,20,1,0.25,0
26,143489,11441,726,17,3,0.1,1
52,116523,29611,778,6,2,0.74,1
50,66828,47435,774,2,1,0.69,1
55,140824,17149,425,12,1,0.62,1
60,67924,39566,694,14,3,0.22,1
36,94182,47368,624,19,0,0.18,0
33,113065,26675,691,18,0,0.15,0
62,79052,10495,739,2,4,0.61,1
50,31664,47668,503,3,3,0.75,1
39,55737,18673,785,4,2,0.4,1
37,121332,16130,330,0,2,0.18,1
39,109563,27668,687,3,3,0.46,1
48,49373,20222,733,11,2,0.34,1
46,137369,28669,675,27,0,0.36,0
57,56397,39068,643,26,2,0.53,1
46,148575,28253,742,23,2,0.6,1
43,106145,14435,374,9,3,0.18,1
29,121371,33552,454,22,3,0.12,1
32,58709,42384,729,24,2,0.8,1
21,136074,21393,662,20,1,0.26,0
21,81120,15617,747,28,3,0.14,1
54,39250,43520,533,25,4,0.23,1
52,41172,14852,561,19,4,0.13,1
45,31555,36401,424,23,0,0.37,1
60,107410,11295,544,24,2,0.66,1
21,98617,40993,841,12,1,0.34,0
36,73276,39084,784,22,0,0.41,0
59,77492,44575,421,13,2,0.57,1
25,73002,41451,424,22,3,0.46,1
42,140103,12227,848,4,4,0.7,1
49,144938,36910,469,3,1,0.71,1
23,109599,41041,423,13,4,0.11,1
32,92355,28384,334,9,3,0.64,1
46,111248,5145,386,16,2,0.42,1
36,44762,42778,500,9,3,0.79,1
57,31046,21035,668,25,3,0.44,1
42,116999,8040,376,6,4,0.79,1
49,144130,47422,358,15,1,0.63,1
34,136021,31160,730,0,3,0.27,1
48,48769,22633,799,16,4,0.48,1
25,73302,34344,408,20,1,0.79,1
50,43150,22014,577,28,2,0.7,1
25,88247,19996,367,8,2,0.17,1
32,24853,46621,368,5,0,0.59,1
36,114613,16695,464,18,4,0.34,1
46,140900,7852,788,12,1,0.1,0
46,109399,21014,604,2,3,0.38,1
41,41792,32042,664,6,2,0.26,1
59,79129,38755,678,21,1,0.67,1
56,126019,45390,642,8,4,0.34,1
53,94478,28711,653,21,0,0.68,1
50,133811,31122,715,4,2,0.1,1
57,134130,14160,408,9,1,0.32,1
43,87298,32213,796,22,1,0.27,0
30,51987,44420,640,16,1,0.26,0
25,35850,12421,682,11,4,0.15,1
56,32112,26400,832,22,4,0.23,1
54,141789,38537,599,15,4,0.49,1
51,44058,22727,438,2,3,0.3,1
30,65420,9358,658,29,1,0.39,0
39,58890,33482,798,24,2,0.36,1
52,86017,37117,684,21,4,0.71,1
21,67304,28164,579,8,4,0.73,1
25,52921,36910,782,28,1,0.45,0
24,125921,37496,410,14,4,0.33,1
36,21524,49311,438,4,3,0.17,1
44,120424,34371,734,22,3,0.77,1
36,35048,43467,808,12,4,0.14,1
22,55111,22625,572,13,1,0.31,1
48,57904,38893,398,19,1,0.31,1
52,74912,15793,403,14,1,0.32,1
47,54008,36007,513,15,0,0.22,1
40,20060,30766,464,22,4,0.65,1
44,94666,44532,819,12,1,0.19,0
32,103559,17323,583,16,3,0.54,1
55,75337,12843,816,22,2,0.19,1
53,130616,19210,463,7,2,0.15,1
53,33350,21456,363,20,1,0.74,1
63,44354,36367,390,1,2,0.23,1
57,65186,15106,416,4,2,0.67,1
32,48145,42957,566,5,0,0.48,1
23,54020,7472,439,11,3,0.15,1
21,106123,11704,545,17,3,0.77,1
53,126667,8713,694,29,0,0.27,0
60,95186,10051,786,21,0,0.7,1
30,105469,15756,775,21,2,0.22,1
63,40581,7475,816,0,4,0.7,1
64,108929,41378,483,29,2,0.11,1
49,43051,9255,319,16,0,0.46,1
33,71474,19484,823,29,3,0.64,1
32,111748,39503,828,10,2,0.75,1
51,145995,13258,446,9,4,0.74,1
22,134618,45747,603,18,2,0.67,1
55,89626,40196,527,13,1,0.72,1
43,26960,45194,401,25,2,0.24,1
37,55772,13533,716,9,0,0.3,0
46,41520,37581,515,14,3,0.3,1
28,69481,10249,706,27,3,0.36,1
49,56408,24201,698,18,0,0.38,0
46,114006,14686,798,3,1,0.48,0
30,148496,37007,764,1,0,0.21,0
46,77134,5661,381,8,2,0.58,1
54,40491,49843,664,9,0,0.22,0
61,21341,35137,462,27,0,0.32,1
27,64623,47828,347,10,1,0.45,1
24,110327,15526,810,13,2,0.66,1
31,20338,8374,628,6,4,0.62,1
49,91431,30592,415,22,4,0.55,1
56,32254,33982,636,14,3,0.21,1
45,71860,5207,446,21,0,0.48,1
41,31344,40433,622,18,3,0.16,1
56,21750,28197,742,21,1,0.36,0
30,74756,38400,312,14,4,0.39,1
57,87957,8083,793,29,0,0.13,0
29,125423,34328,586,27,1,0.29,1
44,78053,47891,413,23,1,0.77,1
55,90855,25103,779,7,0,0.77,1
55,35896,44891,321,10,1,0.35,1
56,75761,15754,648,28,0,0.13,0
38,82552,39447,619,8,0,0.23,0
59,140075,20901,425,14,2,0.37,1
52,97454,38004,576,0,3,0.76,1
44,146522,12446,503,29,1,0.2,1
43,138681,42211,493,0,1,0.63,1
52,110600,34301,846,18,2,0.18,1
57,142732,31116,585,2,2,0.79,1
32,132153,46323,356,9,2,0.37,1
33,142926,23752,602,7,4,0.64,1
43,47935,37376,462,14,4,0.34,1
45,57641,21669,318,9,4,0.54,1
55,49711,37916,669,0,0,0.23,0
61,90342,18395,563,28,1,0.2,1
50,126896,25421,412,17,3,0.76,1
37,32182,31342,787,1,0,0.74,1
40,107833,9895,626,18,1,0.72,1
45,76276,16023,841,12,1,0.54,1
42,39541,15699,364,21,2,0.67,1
33,114457,14715,591,0,2,0.15,1
39,102310,24169,324,1,0,0.33,1
56,64813,21163,848,28,2,0.32,1
32,57198,10782,300,15,1,0.54,1
61,28820,27641,848,14,2,0.35,1
39,44070,23792,440,12,4,0.2,1
32,89768,40585,487,15,2,0.52,1
29,31122,35682,427,16,1,0.67,1
27,100559,23880,500,20,0,0.37,1
48,93543,43067,426,28,3,0.19,1
34,103441,47685,556,28,2,0.24,1
51,61786,23073,846,6,1,0.27,0
39,114934,41035,493,23,3,0.31,1
36,119804,42174,403,25,3,0.55,1
25,26737,29837,834,16,4,0.52,1
55,56062,22826,564,6,3,0.59,1
32,74237,29981,683,12,1,0.35,0
45,71571,15382,559,4,1,0.68,1
41,45510,9437,713,25,2,0.24,1
56,39426,10435,657,16,2,0.43,1
43,57265,29819,374,2,2,0.66,1
36,37850,41875,654,6,3,0.23,1
59,138249,36982,487,25,3,0.18,1
62,86150,38328,589,16,4,0.72,1
59,107312,17329,344,6,2,0.34,1
34,109613,30169,382,20,0,0.58,1
51,94910,26932,422,0,4,0.12,1
25,72375,39594,657,16,0,0.58,1
55,141826,16421,827,29,3,0.32,1
43,55435,12629,365,16,4,0.14,1
49,116443,13325,674,10,4,0.53,1
63,77132,33495,461,24,1,0.27,1
31,98945,36750,679,26,3,0.37,1
38,102050,34619,657,28,3,0.16,1
32,149828,45461,487,2,4,0.2,1
29,115402,13264,621,14,3,0.31,1
30,22983,17686,749,28,4,0.16,1
64,117241,29226,773,20,1,0.74,1
37,40662,11721,312,10,4,0.1,1
58,43510,25609,483,25,3,0.44,1
27,98187,12373,410,27,3,0.19,1
33,60998,43675,807,15,4,0.32,1
60,76846,33937,589,24,4,0.75,1
62,114071,10656,594,21,4,0.21,1
29,26640,13984,750,27,2,0.78,1
47,64547,34984,514,8,3,0.24,1
22,74620,13286,326,23,3,0.62,1
25,35317,10901,530,23,2,0.48,1
49,135608,36552,620,0,4,0.72,1
57,27564,30709,532,28,1,0.49,1
58,47345,36055,736,24,4,0.47,1
39,133824,42685,832,21,4,0.24,1
28,114223,13429,702,15,2,0.22,1
21,143372,19716,352,8,3,0.74,1
42,99273,16138,612,18,4,0.33,1
37,94859,40298,580,11,3,0.36,1
27,100765,28429,330,18,0,0.63,1
45,130017,10772,636,21,3,0.34,1
24,94038,40732,482,8,1,0.77,1
56,143618,44905,322,6,1,0.62,1
26,72393,22347,843,13,4,0.52,1
51,86081,21920,745,28,3,0.72,1
39,145341,36822,373,18,4,0.13,1
64,122650,45108,309,18,2,0.28,1
59,49430,28563,783,1,1,0.43,0
47,95532,12967,755,8,4,0.26,1
30,47788,16871,459,12,2,0.62,1
46,115505,33763,313,14,4,0.74,1
39,68543,16916,477,2,3,0.4,1
59,33919,13734,711,10,3,0.34,1
23,89346,38613,352,20,3,0.77,1
33,116122,33179,707,13,3,0.41,1
48,59974,40262,321,29,0,0.44,1
40,127309,17677,329,24,2,0.35,1
48,36371,23268,559,7,2,0.74,1
28,65084,17330,504,17,3,0.5,1
61,49629,25733,358,18,0,0.63,1
59,71184,42947,770,15,3,0.67,1
21,81916,32286,765,1,0,0.34,0
23,147293,11610,311,7,3,0.4,1
33,93972,11430,589,21,1,0.69,1
48,82187,44922,653,5,1,0.35,0
45,32984,18828,374,11,4,0.66,1
53,53039,47913,740,14,3,0.76,1
58,105431,36497,540,24,2,0.54,1
26,103691,44256,453,7,4,0.62,1
64,78606,41618,395,3,1,0.66,1
52,30616,31526,593,14,3,0.69,1
41,122665,35158,508,27,4,0.38,1
36,125373,30032,642,19,3,0.14,1
41,70072,42846,387,24,1,0.38,1
31,44574,49936,689,16,4,0.57,1
57,23430,34794,624,12,1,0.42,0
56,139123,10448,456,17,0,0.62,1
55,32676,33861,436,1,1,0.35,1
39,30816,33141,727,12,3,0.54,1
40,52733,14074,751,12,2,0.23,1
38,105680,11406,440,21,1,0.62,1
61,22050,36823,382,14,2,0.48,1
34,129996,28291,476,19,0,0.24,1
35,53933,46568,497,28,4,0.3,1
51,44951,37003,720,26,4,0.62,1
21,52413,39406,700,9,2,0.44,1
23,54801,28312,770,28,4,0.25,1
36,75619,48108,517,2,1,0.78,1
43,52913,6382,474,18,2,0.6,1
31,132573,39171,322,2,3,0.77,1
32,139076,46779,534,21,1,0.4,1
30,60600,8292,312,13,1,0.43,1
52,77775,46779,400,7,1,0.73,1
36,110816,38187,835,26,3,0.47,1
28,149972,17411,822,22,0,0.6,1
58,110093,42285,751,29,4,0.28,1
32,132590,20422,730,3,2,0.41,1
44,55400,47468,832,26,0,0.19,0
48,24494,37371,592,27,2,0.24,1
28,100688,10693,400,19,4,0.1,1
48,142744,38535,801,10,3,0.13,1
56,109431,19818,603,25,1,0.78,1
46,94691,36238,839,10,1,0.27,0
28,117419,35874,654,26,3,0.56,1
48,128730,31715,602,29,0,0.69,1
48,63001,32605,795,10,0,0.49,0
57,87364,39317,526,1,2,0.21,1
61,144988,36174,535,29,3,0.61,1
56,65028,14956,754,16,0,0.52,1
47,127434,43908,312,8,3,0.61,1
37,117659,15837,509,27,4,0.64,1
29,57573,8716,696,27,1,0.78,1
53,20806,9481,399,1,1,0.5,1
40,144343,29282,330,28,1,0.34,1
33,76638,11548,827,23,3,0.55,1
48,148301,42605,628,14,3,0.15,1
49,146295,12758,465,15,2,0.73,1
33,126506,48668,758,24,1,0.18,0
55,49757,28177,399,3,2,0.33,1
26,54636,29022,472,7,1,0.67,1
38,100097,45761,461,8,2,0.52,1
25,68280,10542,562,25,2,0.38,1
45,44262,30476,573,25,4,0.43,1
22,100435,35784,302,4,2,0.7,1
30,82211,27740,327,15,3,0.34,1
50,74842,29817,625,12,2,0.71,1
25,148583,21052,448,29,1,0.16,1
53,76979,40153,839,6,2,0.64,1
21,134524,5671,787,25,0,0.69,1
38,101470,5163,737,19,1,0.23,0
52,58197,46424,364,16,0,0.4,1
31,61844,49002,655,2,1,0.22,0
41,84754,9795,832,4,3,0.59,1
46,121868,15634,551,18,3,0.47,1
45,54157,9798,534,11,3,0.54,1
42,97129,27420,526,28,0,0.24,1
47,60042,34300,824,26,4,0.25,1
33,81665,29345,612,6,1,0.13,0
53,135512,15749,348,27,3,0.33,1
54,136953,43595,417,8,1,0.49,1
61,102856,30121,353,27,0,0.7,1
55,47376,42487,343,5,4,0.57,1
21,129049,33411,352,28,0,0.4,1
41,75554,38361,824,25,1,0.77,1
26,34199,26223,401,16,4,0.6,1
48,138533,12394,697,15,4,0.75,1
37,101412,19056,437,22,0,0.47,1
25,70948,33380,686,2,3,0.28,1
51,93781,31035,410,20,1,0.14,1
25,92750,35620,316,25,2,0.61,1
58,86262,24877,481,3,2,0.18,1
23,137424,48404,835,9,0,0.31,0
43,66600,35911,840,4,1,0.47,0
57,96898,37784,470,20,1,0.5,1
57,82483,8191,708,21,0,0.52,1
30,38297,38160,677,29,1,0.22,0
30,50448,30000,487,9,3,0.37,1
39,46172,44040,529,11,0,0.53,1
37,62874,8631,418,9,3,0.78,1
41,27657,11172,455,28,1,0.61,1
34,104386,47080,764,12,0,0.75,1
29,145617,28561,403,10,1,0.63,1
21,45425,29817,801,21,0,0.51,1
33,46685,25281,474,15,1,0.23,1
24,142000,33671,720,7,3,0.57,1
21,132855,30364,433,7,3,0.54,1
60,44578,46674,690,26,1,0.52,1
52,48831,32425,800,24,0,0.44,0
54,27906,33602,332,7,2,0.47,1
48,81413,28253,354,12,3,0.33,1
51,74028,28472,818,26,3,0.46,1
28,27287,13080,311,1,2,0.24,1
59,53660,12099,827,29,1,0.66,1
46,95758,30431,672,29,0,0.23,0
54,80504,36186,783,11,1,0.16,0
23,79720,35111,527,9,4,0.41,1
32,122979,44851,606,11,3,0.56,1
21,54701,27614,756,10,4,0.41,1
64,103300,31724,459,14,3,0.29,1
25,130177,46991,630,15,3,0.49,1
50,37674,9940,524,16,4,0.34,1
50,103560,33758,803,25,4,0.75,1
37,131543,41224,755,1,1,0.75,1
43,43874,12788,344,17,4,0.45,1
35,63642,33082,513,11,1,0.33,1
57,143867,29034,358,18,1,0.62,1
41,117820,40479,494,25,1,0.13,1
34,85160,16280,788,22,3,0.43,1
22,37602,23052,456,17,3,0.34,1
31,123320,21531,525,29,4,0.74,1
59,108801,27804,711,16,3,0.11,1
58,45931,33903,504,29,4,0.49,1
54,114377,49857,378,5,3,0.62,1
58,49192,15142,423,24,0,0.44,1
54,66542,14866,770,14,0,0.16,0
38,147015,9531,517,2,4,0.78,1
50,62520,43098,815,5,3,0.46,1
35,84772,43278,403,2,3,0.53,1
47,78762,33138,692,29,1,0.27,0
54,70106,32065,733,28,2,0.44,1
58,101121,34956,630,0,4,0.4,1
53,45559,46732,442,29,2,0.15,1
44,125595,44261,839,12,2,0.17,1
35,53742,15759,577,27,4,0.69,1
50,89669,10439,532,20,3,0.27,1
62,100199,47533,828,25,4,0.24,1
37,41754,33270,389,13,2,0.45,1
25,23972,18279,791,12,3,0.64,1
49,90831,44279,498,26,0,0.14,1
24,132217,49251,661,3,4,0.5,1
30,61873,28888,740,6,4,0.18,1
37,114661,22630,325,21,3,0.13,1
30,126532,40144,324,9,0,0.14,1
37,146267,36182,693,6,0,0.68,1
40,29903,30538,806,20,3,0.18,1
44,23020,16824,600,14,1,0.13,0
25,61755,37125,638,14,4,0.41,1
54,105956,11979,566,3,4,0.69,1
26,106988,31189,760,22,2,0.28,1
22,65648,47600,755,22,3,0.4,1
33,123537,17504,659,5,2,0.13,1
63,145991,25669,367,23,2,0.41,1
63,29516,11910,711,19,0,0.5,0
31,132863,39964,790,25,4,0.5,1
43,135005,25131,348,4,2,0.33,1
36,22396,30227,401,19,0,0.32,1
51,104082,10978,515,11,3,0.17,1
31,39129,26991,737,0,2,0.36,1
36,148322,22153,458,27,4,0.17,1
28,21591,38548,788,7,2,0.64,1
24,31303,47676,541,0,3,0.78,1
60,50561,44071,304,4,2,0.78,1
24,91719,8983,660,21,4,0.71,1
45,138618,14503,758,5,0,0.52,1
23,112108,34921,547,28,4,0.59,1
52,148748,21905,721,20,0,0.3,0
23,119616,28953,314,2,1,0.54,1
47,144165,31806,421,14,4,0.42,1
49,106231,27168,576,4,4,0.44,1
52,27314,9583,752,27,3,0.63,1
39,137071,43714,689,23,2,0.3,1
41,39623,44896,593,13,0,0.32,1
25,87675,16889,745,17,0,0.75,1
38,132992,32413,509,15,3,0.14,1
48,116826,17275,601,5,3,0.44,1
62,85082,7461,522,24,2,0.74,1
42,149839,19291,302,23,2,0.53,1
41,103624,16435,817,13,4,0.48,1
26,125228,32935,392,26,1,0.27,1
21,53130,38453,819,23,2,0.34,1
25,71756,23544,727,7,3,0.7,1
61,117624,17258,792,28,2,0.49,1
32,46292,35841,534,6,0,0.46,1
46,131785,15736,460,7,1,0.17,1
54,147331,42643,630,12,4,0.11,1
34,106206,48950,632,5,0,0.77,1
46,89274,39964,349,17,0,0.36,1
47,22469,33044,822,1,1,0.52,1
29,73947,44933,791,7,4,0.16,1
46,42534,20997,571,10,3,0.58,1
42,83620,19215,551,0,4,0.75,1
50,68874,38069,389,21,2,0.5,1
63,69708,28911,745,28,0,0.19,0
37,94553,22030,631,5,2,0.51,1
46,88344,34334,438,15,3,0.64,1
56,69138,19571,656,26,2,0.38,1
21,74302,47719,573,19,4,0.72,1
28,67638,33927,318,11,2,0.55,1
55,98249,25714,610,10,3,0.73,1
35,125865,48541,453,28,3,0.54,1
42,22719,28387,689,26,3,0.19,1
34,42890,33444,559,28,4,0.32,1
46,97236,24921,424,9,3,0.24,1
48,56509,18057,653,2,0,0.74,1
43,62534,29858,572,12,3,0.63,1
34,122302,49638,544,26,2,0.57,1
44,112241,31062,749,2,2,0.31,1
22,38787,41850,546,14,2,0.23,1
46,146209,25567,819,15,4,0.63,1
34,68845,34739,440,28,2,0.43,1
27,77932,48285,661,12,4,0.26,1
23,112124,8754,307,16,4,0.53,1
43,111659,32044,777,2,3,0.13,1
63,53062,6724,651,19,0,0.33,0
38,95713,6376,794,10,3,0.43,1
58,107263,13706,726,26,3,0.2,1
55,115756,13894,338,20,4,0.79,1
35,80461,23037,486,18,4,0.25,1
45,95418,23450,392,21,2,0.19,1
57,86672,21406,385,10,2,0.24,1
48,148232,34725,343,29,3,0.64,1
30,54832,10926,436,27,1,0.4,1
59,147335,44019,720,15,1,0.5,0
37,51966,14496,373,20,2,0.11,1
59,92545,41068,847,2,1,0.12,0
42,32987,34806,811,21,2,0.41,1
46,57311,27663,455,5,4,0.67,1
64,51575,46321,554,13,3,0.72,1
45,83852,41495,470,23,0,0.16,1
37,147650,27656,469,17,3,0.48,1
33,21007,30860,621,16,2,0.74,1
40,90981,21832,755,3,2,0.37,1
45,96242,43787,454,22,3,0.68,1
24,67517,26727,648,14,2,0.19,1
30,130022,47815,750,10,1,0.75,1
23,49257,34545,472,25,1,0.63,1
61,107272,49522,309,2,2,0.76,1
38,62207,7520,564,2,2,0.57,1
56,33281,8081,737,15,1,0.35,0
42,81246,39196,546,4,2,0.76,1
54,21435,41735,845,20,2,0.29,1
28,118875,44213,798,28,3,0.33,1
60,120686,19566,428,9,0,0.59,1
64,111357,19042,626,18,1,0.64,1
39,46660,30498,703,24,3,0.75,1
62,25084,16329,658,3,0,0.24,0
61,102197,36656,316,28,2,0.66,1
57,33507,7159,573,28,2,0.62,1
26,92595,42900,415,18,3,0.14,1
46,103807,24363,390,10,2,0.37,1
54,65539,48241,381,1,4,0.3,1
26,135953,24033,623,9,3,0.31,1
57,27491,15805,413,28,0,0.79,1
53,147706,40851,357,10,3,0.55,1
42,132831,31832,453,24,1,0.6,1
41,70192,18944,703,19,3,0.78,1
26,100395,24873,565,15,2,0.36,1
26,143797,45372,614,18,2,0.66,1
24,83888,28928,340,22,4,0.4,1
50,93609,20379,404,23,4,0.71,1
31,29077,41751,492,10,4,0.23,1
50,137440,39546,700,13,0,0.76,1
51,142901,29286,577,1,4,0.25,1
44,40953,10110,653,22,0,0.33,0
29,96919,17087,555,27,4,0.63,1
23,134682,28762,398,4,0,0.38,1
51,141041,22081,581,26,3,0.53,1
60,87889,39947,702,4,3,0.41,1
57,43821,14596,408,18,2,0.62,1
56,57567,43019,498,20,0,0.26,1
44,135374,47003,602,11,1,0.14,0
51,44860,23313,626,17,2,0.31,1
26,41195,6013,453,3,3,0.43,1
22,97475,28705,704,21,0,0.22,0
40,110874,6828,761,16,4,0.35,1
48,107266,12909,431,9,1,0.38,1
31,41427,43356,383,19,3,0.14,1
24,120732,18109,698,5,2,0.51,1
35,47083,7023,408,24,0,0.72,1
26,107046,19537,520,13,1,0.21,1
50,77372,31661,667,10,0,0.52,1
58,143786,43659,446,10,4,0.57,1
22,64064,38848,411,28,2,0.39,1
35,27813,42804,793,17,0,0.59,1
31,51598,20379,804,26,3,0.39,1
28,132718,32766,774,22,2,0.45,1
46,146879,48590,570,21,3,0.11,1
64,113106,7563,720,17,0,0.58,1
25,47082,41060,666,23,2,0.56,1
26,49241,34197,579,22,3,0.13,1
46,116214,8586,582,10,4,0.36,1
24,64569,21087,339,20,4,0.79,1
39,31745,28225,488,11,0,0.39,1
40,46029,34750,463,4,2,0.45,1
53,33025,11643,835,22,1,0.74,1
40,121660,32523,835,8,2,0.6,1
32,143395,41727,303,26,4,0.51,1
21,34288,16005,589,24,3,0.66,1
46,109186,48543,732,8,1,0.71,1
34,26540,5161,770,21,0,0.42,0
58,117768,21029,480,9,1,0.43,1
57,101958,19226,547,21,0,0.37,1
31,88878,33731,578,18,1,0.78,1
56,61846,48922,553,0,0,0.59,1
33,121148,49848,480,6,0,0.16,1
63,95932,8390,808,3,1,0.7,1
23,37482,10997,625,0,1,0.44,0
53,43411,17693,656,14,0,0.15,0
26,70975,47092,690,7,4,0.48,1
30,80545,5541,384,11,1,0.39,1
25,132302,26817,616,21,2,0.71,1
43,98797,42861,511,21,3,0.24,1
30,72307,18428,814,17,0,0.68,1
64,23093,48934,683,14,0,0.49,0
22,97258,15258,641,16,3,0.14,1
33,42042,21044,337,28,4,0.78,1
60,72930,34411,810,13,3,0.46,1
22,137584,10469,719,13,1,0.3,0
40,64413,33854,468,17,3,0.43,1
21,133387,11256,642,19,0,0.7,1
57,113623,15720,605,17,3,0.31,1
29,117883,38937,841,15,2,0.23,1
37,53756,38598,836,0,1,0.19,0
29,73268,6651,411,22,3,0.31,1
31,59214,24194,710,26,0,0.65,1
35,101871,30051,505,10,1,0.43,1
44,147844,32386,484,14,0,0.26,1
58,48602,14518,681,11,4,0.22,1
55,73331,21184,795,7,2,0.33,1
50,68901,38787,678,21,4,0.76,1
51,119986,26621,346,19,2,0.34,1
25,83416,15028,827,29,3,0.79,1
64,52196,17448,803,5,1,0.44,0
34,148386,39051,321,2,3,0.23,1
31,25626,35447,512,27,2,0.72,1
29,27424,23394,609,23,2,0.42,1
54,32857,39501,571,25,2,0.6,1
32,130459,35254,501,29,0,0.79,1
55,135621,23509,331,12,1,0.14,1
55,39982,19472,742,12,3,0.17,1
21,96961,8471,461,1,3,0.6,1
60,21980,46796,553,4,4,0.3,1
42,68290,35268,820,16,2,0.23,1
49,46431,13329,779,5,2,0.13,1
28,104976,39865,309,1,2,0.12,1
31,127288,33272,804,3,3,0.64,1
61,102711,47845,735,21,4,0.19,1
57,134187,11397,410,25,0,0.43,1
34,46385,37373,452,10,1,0.52,1
50,58158,40525,401,7,0,0.4,1
55,43019,29570,490,11,3,0.12,1
41,38639,23284,380,7,2,0.65,1
57,105530,23994,788,10,1,0.11,0
25,119911,28284,387,21,3,0.63,1
39,41563,22833,493,19,3,0.73,1
34,59341,30122,403,7,3,0.4,1
46,135672,10017,395,28,1,0.47,1
24,25776,21370,722,7,1,0.43,0
45,56444,34252,497,25,4,0.37,1
62,88916,12999,300,29,4,0.72,1
45,28711,27436,706,16,0,0.73,1
38,94318,47963,677,19,1,0.34,0
60,102970,7096,466,19,1,0.53,1
28,132301,30279,808,22,1,0.75,1
59,105553,48363,612,15,4,0.77,1
60,50707,31201,717,13,3,0.46,1
34,59110,24715,776,29,2,0.42,1
52,149410,34309,372,10,4,0.3,1
58,81788,20078,440,6,1,0.77,1
53,102879,10105,561,15,4,0.2,1
43,58827,34312,639,12,0,0.51,1
35,127188,7839,607,26,1,0.3,0
53,25655,8384,544,14,0,0.3,1
45,64859,48619,814,23,1,0.38,0
37,73625,47821,636,15,4,0.8,1
53,72098,18493,375,26,3,0.14,1
22,35251,22069,474,20,2,0.5,1
34,142413,12531,408,22,0,0.16,1
60,20526,42051,482,23,4,0.21,1
60,88760,12736,491,8,3,0.41,1
